config,hop,module,simtime,isNoEntry,isStub,isLoop
fail20_test1,1,Network.ospfRouter_7_5.ipv4,30.06785248,1,0,0
fail20_test1,1,Network.ospfRouter_9_3.ipv4,30.1,1,0,0
fail20_test1,1,Network.ospfRouter_9_3.ipv4,30.2,1,0,0
fail20_test1,1,Network.ospfRouter_9_3.ipv4,30.3,1,0,0
fail20_test1,1,Network.ospfRouter_9_3.ipv4,30.4,1,0,0
fail20_test1,1,Network.ospfRouter_9_3.ipv4,30.5,1,0,0
fail20_test1,1,Network.ospfRouter_9_3.ipv4,30.6,1,0,0
fail20_test1,1,Network.ospfRouter_9_3.ipv4,30.7,1,0,0
fail20_test1,1,Network.ospfRouter_9_3.ipv4,30.8,1,0,0
fail20_test1,1,Network.ospfRouter_9_3.ipv4,30.9,1,0,0
fail20_test1,1,Network.ospfRouter_9_3.ipv4,31,1,0,0
fail20_test1,1,Network.ospfRouter_9_3.ipv4,31.1,1,0,0
fail20_test1,1,Network.ospfRouter_9_3.ipv4,31.2,1,0,0
fail20_test1,1,Network.ospfRouter_9_3.ipv4,31.3,1,0,0
fail20_test1,1,Network.ospfRouter_9_3.ipv4,31.4,1,0,0
fail20_test1,1,Network.ospfRouter_9_3.ipv4,31.5,1,0,0
fail20_test1,1,Network.ospfRouter_9_3.ipv4,31.6,1,0,0
fail20_test1,1,Network.ospfRouter_9_3.ipv4,31.7,1,0,0
fail20_test1,1,Network.ospfRouter_9_3.ipv4,31.8,1,0,0
fail20_test1,1,Network.ospfRouter_9_3.ipv4,31.9,1,0,0
fail20_test1,1,Network.ospfRouter_9_3.ipv4,32,1,0,0
fail20_test1,1,Network.ospfRouter_9_3.ipv4,32.1,1,0,0
fail20_test1,1,Network.ospfRouter_9_3.ipv4,32.2,1,0,0
fail20_test1,1,Network.ospfRouter_9_3.ipv4,32.3,1,0,0
fail20_test1,1,Network.ospfRouter_9_3.ipv4,32.4,1,0,0
fail20_test1,1,Network.ospfRouter_9_3.ipv4,32.5,1,0,0
fail20_test1,1,Network.ospfRouter_9_3.ipv4,32.6,1,0,0
fail20_test1,1,Network.ospfRouter_9_3.ipv4,32.7,1,0,0
fail20_test1,1,Network.ospfRouter_9_3.ipv4,32.8,1,0,0
fail20_test1,1,Network.ospfRouter_9_3.ipv4,32.9,1,0,0
fail20_test1,1,Network.ospfRouter_9_3.ipv4,33,1,0,0
fail20_test1,1,Network.ospfRouter_9_3.ipv4,33.1,1,0,0
fail20_test1,1,Network.ospfRouter_9_3.ipv4,33.2,1,0,0
fail20_test1,1,Network.ospfRouter_9_3.ipv4,33.3,1,0,0
fail20_test1,1,Network.ospfRouter_9_3.ipv4,33.4,1,0,0
fail20_test1,1,Network.ospfRouter_9_3.ipv4,33.5,1,0,0
fail20_test1,1,Network.ospfRouter_9_3.ipv4,33.6,1,0,0
fail20_test1,1,Network.ospfRouter_9_3.ipv4,33.7,1,0,0
fail20_test1,1,Network.ospfRouter_9_3.ipv4,33.8,1,0,0
fail20_test1,1,Network.ospfRouter_9_3.ipv4,33.9,1,0,0
fail20_test1,1,Network.ospfRouter_9_3.ipv4,34,1,0,0
fail20_test1,1,Network.ospfRouter_9_3.ipv4,34.1,1,0,0
fail20_test1,1,Network.ospfRouter_9_3.ipv4,34.2,1,0,0
fail20_test1,1,Network.ospfRouter_9_3.ipv4,34.3,1,0,0
fail20_test1,1,Network.ospfRouter_9_3.ipv4,34.4,1,0,0
fail20_test1,1,Network.ospfRouter_9_3.ipv4,34.5,1,0,0
fail20_test1,1,Network.ospfRouter_9_3.ipv4,34.6,1,0,0
fail20_test1,1,Network.ospfRouter_9_3.ipv4,34.7,1,0,0
fail20_test1,1,Network.ospfRouter_9_3.ipv4,34.8,1,0,0
fail20_test1,1,Network.ospfRouter_9_3.ipv4,34.9,1,0,0
fail20_test1,1,Network.ospfRouter_9_3.ipv4,35,1,0,0
fail20_test1,1,Network.ospfRouter_8_3.ipv4,67.91343788,1,0,0
fail20_test1,1,Network.ospfRouter_9_3.ipv4,68,1,0,0
fail20_test1,1,Network.ospfRouter_9_3.ipv4,68.1,1,0,0
fail20_test1,1,Network.ospfRouter_9_3.ipv4,68.2,1,0,0
fail20_test1,1,Network.ospfRouter_9_3.ipv4,68.3,1,0,0
fail20_test1,1,Network.ospfRouter_9_3.ipv4,68.4,1,0,0
fail20_test1,1,Network.ospfRouter_9_3.ipv4,68.5,1,0,0
fail20_test1,1,Network.ospfRouter_9_3.ipv4,68.6,1,0,0
fail20_test1,1,Network.ospfRouter_9_3.ipv4,68.7,1,0,0
fail20_test1,1,Network.ospfRouter_9_3.ipv4,68.8,1,0,0
fail20_test1,1,Network.ospfRouter_9_3.ipv4,68.9,1,0,0
fail20_test1,1,Network.ospfRouter_9_3.ipv4,69,1,0,0
fail20_test1,1,Network.ospfRouter_9_3.ipv4,69.1,1,0,0
fail20_test1,1,Network.ospfRouter_9_3.ipv4,69.2,1,0,0
fail20_test1,1,Network.ospfRouter_9_3.ipv4,69.3,1,0,0
fail20_test1,1,Network.ospfRouter_9_3.ipv4,69.4,1,0,0
fail20_test1,1,Network.ospfRouter_9_3.ipv4,69.5,1,0,0
fail20_test1,1,Network.ospfRouter_9_3.ipv4,69.6,1,0,0
fail20_test1,1,Network.ospfRouter_9_3.ipv4,69.7,1,0,0
fail20_test1,1,Network.ospfRouter_9_3.ipv4,69.8,1,0,0
fail20_test1,1,Network.ospfRouter_9_3.ipv4,69.9,1,0,0
fail20_test1,1,Network.ospfRouter_9_3.ipv4,70,1,0,0
fail20_test1,1,Network.ospfRouter_9_3.ipv4,70.1,1,0,0
fail20_test1,1,Network.ospfRouter_9_3.ipv4,70.2,1,0,0
fail20_test1,1,Network.ospfRouter_9_3.ipv4,70.3,1,0,0
fail20_test1,1,Network.ospfRouter_9_3.ipv4,70.4,1,0,0
fail20_test1,1,Network.ospfRouter_9_3.ipv4,70.5,1,0,0
fail20_test1,1,Network.ospfRouter_9_3.ipv4,70.6,1,0,0
fail20_test1,1,Network.ospfRouter_9_3.ipv4,70.7,1,0,0
fail20_test1,1,Network.ospfRouter_9_3.ipv4,70.8,1,0,0
fail20_test1,1,Network.ospfRouter_9_3.ipv4,70.9,1,0,0
fail20_test1,1,Network.ospfRouter_9_3.ipv4,71,1,0,0
fail20_test1,1,Network.ospfRouter_9_3.ipv4,71.1,1,0,0
fail20_test1,1,Network.ospfRouter_9_3.ipv4,71.2,1,0,0
fail20_test1,1,Network.ospfRouter_9_3.ipv4,71.3,1,0,0
fail20_test1,1,Network.ospfRouter_9_3.ipv4,71.4,1,0,0
fail20_test1,1,Network.ospfRouter_9_3.ipv4,71.5,1,0,0
fail20_test1,1,Network.ospfRouter_9_3.ipv4,71.6,1,0,0
fail20_test1,1,Network.ospfRouter_9_3.ipv4,71.7,1,0,0
fail20_test1,1,Network.ospfRouter_9_3.ipv4,71.8,1,0,0
fail20_test1,1,Network.ospfRouter_9_3.ipv4,71.9,1,0,0
fail20_test1,1,Network.ospfRouter_9_3.ipv4,72,1,0,0
fail20_test1,1,Network.ospfRouter_9_3.ipv4,72.1,1,0,0
fail20_test1,1,Network.ospfRouter_9_3.ipv4,72.2,1,0,0
fail20_test1,1,Network.ospfRouter_9_3.ipv4,72.3,1,0,0
fail20_test1,1,Network.ospfRouter_9_3.ipv4,72.4,1,0,0
fail20_test1,1,Network.ospfRouter_9_3.ipv4,72.5,1,0,0
fail20_test1,1,Network.ospfRouter_9_3.ipv4,72.6,1,0,0
fail20_test1,1,Network.ospfRouter_9_3.ipv4,72.7,1,0,0
fail20_test1,1,Network.ospfRouter_9_3.ipv4,72.8,1,0,0
fail20_test1,1,Network.ospfRouter_9_3.ipv4,72.9,1,0,0
fail20_test1,1,Network.ospfRouter_7_5.ipv4,75.40141304,1,0,0
fail20_test1,1,Network.ospfRouter_9_5.ipv4,75.44766376,1,0,0
fail20_test1,1,Network.ospfRouter_9_3.ipv4,75.5,1,0,0
fail20_test1,1,Network.ospfRouter_9_3.ipv4,75.6,1,0,0
fail20_test1,1,Network.ospfRouter_9_3.ipv4,75.7,1,0,0
fail20_test1,1,Network.ospfRouter_9_3.ipv4,75.8,1,0,0
fail20_test1,1,Network.ospfRouter_9_3.ipv4,75.9,1,0,0
fail20_test1,1,Network.ospfRouter_9_3.ipv4,76,1,0,0
fail20_test1,1,Network.ospfRouter_9_3.ipv4,76.1,1,0,0
fail20_test1,1,Network.ospfRouter_9_3.ipv4,76.2,1,0,0
fail20_test1,1,Network.ospfRouter_9_3.ipv4,76.3,1,0,0
fail20_test1,1,Network.ospfRouter_9_3.ipv4,76.4,1,0,0
fail20_test1,1,Network.ospfRouter_9_3.ipv4,76.5,1,0,0
fail20_test1,1,Network.ospfRouter_9_3.ipv4,76.6,1,0,0
fail20_test1,1,Network.ospfRouter_9_3.ipv4,76.7,1,0,0
fail20_test1,1,Network.ospfRouter_9_3.ipv4,76.8,1,0,0
fail20_test1,1,Network.ospfRouter_9_3.ipv4,76.9,1,0,0
fail20_test1,1,Network.ospfRouter_9_3.ipv4,77,1,0,0
fail20_test1,1,Network.ospfRouter_9_3.ipv4,77.1,1,0,0
fail20_test1,1,Network.ospfRouter_9_3.ipv4,77.2,1,0,0
fail20_test1,1,Network.ospfRouter_9_3.ipv4,77.3,1,0,0
fail20_test1,1,Network.ospfRouter_9_3.ipv4,77.4,1,0,0
fail20_test1,1,Network.ospfRouter_9_3.ipv4,77.5,1,0,0
fail20_test1,1,Network.ospfRouter_9_3.ipv4,77.6,1,0,0
fail20_test1,1,Network.ospfRouter_9_3.ipv4,77.7,1,0,0
fail20_test1,1,Network.ospfRouter_9_3.ipv4,77.8,1,0,0
fail20_test1,1,Network.ospfRouter_9_3.ipv4,77.9,1,0,0
fail20_test1,1,Network.ospfRouter_9_3.ipv4,78,1,0,0
fail20_test1,1,Network.ospfRouter_9_3.ipv4,78.1,1,0,0
fail20_test1,1,Network.ospfRouter_9_3.ipv4,78.2,1,0,0
fail20_test1,1,Network.ospfRouter_9_3.ipv4,78.3,1,0,0
fail20_test1,1,Network.ospfRouter_9_3.ipv4,78.4,1,0,0
fail20_test1,1,Network.ospfRouter_9_3.ipv4,78.5,1,0,0
fail20_test1,1,Network.ospfRouter_9_3.ipv4,78.6,1,0,0
fail20_test1,1,Network.ospfRouter_9_3.ipv4,78.7,1,0,0
fail20_test1,1,Network.ospfRouter_9_3.ipv4,78.8,1,0,0
fail20_test1,1,Network.ospfRouter_9_3.ipv4,78.9,1,0,0
fail20_test1,1,Network.ospfRouter_9_3.ipv4,79,1,0,0
fail20_test1,1,Network.ospfRouter_9_3.ipv4,79.1,1,0,0
fail20_test1,1,Network.ospfRouter_9_3.ipv4,79.2,1,0,0
fail20_test1,1,Network.ospfRouter_9_3.ipv4,79.3,1,0,0
fail20_test1,1,Network.ospfRouter_9_3.ipv4,79.4,1,0,0
fail20_test1,1,Network.ospfRouter_9_3.ipv4,79.5,1,0,0
fail20_test1,1,Network.ospfRouter_9_3.ipv4,79.6,1,0,0
fail20_test1,1,Network.ospfRouter_9_3.ipv4,79.7,1,0,0
fail20_test1,1,Network.ospfRouter_9_3.ipv4,79.8,1,0,0
fail20_test1,1,Network.ospfRouter_9_3.ipv4,79.9,1,0,0
fail20_test1,1,Network.ospfRouter_9_3.ipv4,80,1,0,0
fail20_test1,1,Network.ospfRouter_9_3.ipv4,80.1,1,0,0
fail20_test1,1,Network.ospfRouter_9_3.ipv4,80.2,1,0,0
fail20_test1,1,Network.ospfRouter_9_3.ipv4,80.3,1,0,0
fail20_test1,1,Network.ospfRouter_9_3.ipv4,80.4,1,0,0
fail20_test1,1,Network.ospfRouter_9_3.ipv4,81.7,1,0,0
fail20_test1,1,Network.ospfRouter_4_4.ipv4,81.71075404,1,0,0
fail20_test1,1,Network.ospfRouter_4_4.ipv4,81.71075404,1,0,0
fail20_test1,1,Network.ospfRouter_7_3.ipv4,82.42687576,1,0,0
fail20_test1,1,Network.ospfRouter_7_3.ipv4,82.42687576,1,0,0
fail20_test1,1,Network.ospfRouter_7_3.ipv4,82.52687576,1,0,0
fail20_test1,1,Network.ospfRouter_7_3.ipv4,82.52687576,1,0,0
fail20_test1,1,Network.ospfRouter_5_4.ipv4,85.2742094,1,0,0
fail20_test1,1,Network.ospfRouter_8_4.ipv4,85.33389576,1,0,0
fail20_test1,1,Network.ospfRouter_9_3.ipv4,85.4,1,0,0
fail20_test1,1,Network.ospfRouter_9_3.ipv4,85.5,1,0,0
fail20_test1,1,Network.ospfRouter_9_3.ipv4,85.6,1,0,0
fail20_test1,1,Network.ospfRouter_9_3.ipv4,85.7,1,0,0
fail20_test1,1,Network.ospfRouter_9_3.ipv4,85.8,1,0,0
fail20_test1,1,Network.ospfRouter_9_3.ipv4,85.9,1,0,0
fail20_test1,1,Network.ospfRouter_9_3.ipv4,86,1,0,0
fail20_test1,1,Network.ospfRouter_9_3.ipv4,86.1,1,0,0
fail20_test1,1,Network.ospfRouter_9_3.ipv4,86.2,1,0,0
fail20_test1,1,Network.ospfRouter_9_3.ipv4,86.3,1,0,0
fail20_test1,1,Network.ospfRouter_9_3.ipv4,86.4,1,0,0
fail20_test1,1,Network.ospfRouter_9_3.ipv4,86.5,1,0,0
fail20_test1,1,Network.ospfRouter_9_3.ipv4,86.6,1,0,0
fail20_test1,1,Network.ospfRouter_9_3.ipv4,86.7,1,0,0
fail20_test1,1,Network.ospfRouter_9_3.ipv4,86.8,1,0,0
fail20_test1,1,Network.ospfRouter_9_3.ipv4,86.9,1,0,0
fail20_test1,1,Network.ospfRouter_9_3.ipv4,87,1,0,0
fail20_test1,1,Network.ospfRouter_9_3.ipv4,87.1,1,0,0
fail20_test1,1,Network.ospfRouter_9_3.ipv4,87.2,1,0,0
fail20_test1,1,Network.ospfRouter_9_3.ipv4,87.3,1,0,0
fail20_test1,1,Network.ospfRouter_9_3.ipv4,87.4,1,0,0
fail20_test1,1,Network.ospfRouter_9_3.ipv4,87.5,1,0,0
fail20_test1,1,Network.ospfRouter_9_3.ipv4,87.6,1,0,0
fail20_test1,1,Network.ospfRouter_9_3.ipv4,87.7,1,0,0
fail20_test1,1,Network.ospfRouter_9_3.ipv4,87.8,1,0,0
fail20_test1,1,Network.ospfRouter_9_3.ipv4,87.9,1,0,0
fail20_test1,1,Network.ospfRouter_9_3.ipv4,88,1,0,0
fail20_test1,1,Network.ospfRouter_9_3.ipv4,88.1,1,0,0
fail20_test1,1,Network.ospfRouter_9_3.ipv4,88.2,1,0,0
fail20_test1,1,Network.ospfRouter_9_3.ipv4,88.3,1,0,0
fail20_test1,1,Network.ospfRouter_9_3.ipv4,88.4,1,0,0
fail20_test1,1,Network.ospfRouter_9_3.ipv4,88.5,1,0,0
fail20_test1,1,Network.ospfRouter_9_3.ipv4,88.6,1,0,0
fail20_test1,1,Network.ospfRouter_9_3.ipv4,88.7,1,0,0
fail20_test1,1,Network.ospfRouter_9_3.ipv4,88.8,1,0,0
fail20_test1,1,Network.ospfRouter_9_3.ipv4,88.9,1,0,0
fail20_test1,1,Network.ospfRouter_9_3.ipv4,89,1,0,0
fail20_test1,1,Network.ospfRouter_9_3.ipv4,89.1,1,0,0
fail20_test1,1,Network.ospfRouter_9_3.ipv4,89.2,1,0,0
fail20_test1,1,Network.ospfRouter_9_3.ipv4,89.3,1,0,0
fail20_test1,1,Network.ospfRouter_9_3.ipv4,89.4,1,0,0
fail20_test1,1,Network.ospfRouter_9_3.ipv4,89.5,1,0,0
fail20_test1,1,Network.ospfRouter_9_3.ipv4,89.6,1,0,0
fail20_test1,1,Network.ospfRouter_9_3.ipv4,89.7,1,0,0
fail20_test1,1,Network.ospfRouter_9_3.ipv4,89.8,1,0,0
fail20_test1,1,Network.ospfRouter_9_3.ipv4,89.9,1,0,0
fail20_test1,1,Network.ospfRouter_9_3.ipv4,90,1,0,0
fail20_test1,1,Network.ospfRouter_9_3.ipv4,90.1,1,0,0
fail20_test1,1,Network.ospfRouter_9_3.ipv4,90.2,1,0,0
fail20_test1,1,Network.ospfRouter_9_3.ipv4,90.3,1,0,0
fail20_test1,1,Network.ospfRouter_7_4.ipv4,93.15070764,1,0,0
fail20_test1,1,Network.ospfRouter_9_3.ipv4,93.2,1,0,0
fail20_test1,1,Network.ospfRouter_9_3.ipv4,93.3,1,0,0
fail20_test1,1,Network.ospfRouter_9_3.ipv4,93.4,1,0,0
fail20_test1,1,Network.ospfRouter_9_3.ipv4,93.5,1,0,0
fail20_test1,1,Network.ospfRouter_9_3.ipv4,93.6,1,0,0
fail20_test1,1,Network.ospfRouter_9_3.ipv4,93.7,1,0,0
fail20_test1,1,Network.ospfRouter_9_3.ipv4,93.8,1,0,0
fail20_test1,1,Network.ospfRouter_9_3.ipv4,93.9,1,0,0
fail20_test1,1,Network.ospfRouter_9_3.ipv4,94,1,0,0
fail20_test1,1,Network.ospfRouter_9_3.ipv4,94.1,1,0,0
fail20_test1,1,Network.ospfRouter_9_3.ipv4,94.2,1,0,0
fail20_test1,1,Network.ospfRouter_9_3.ipv4,94.3,1,0,0
fail20_test1,1,Network.ospfRouter_9_3.ipv4,94.4,1,0,0
fail20_test1,1,Network.ospfRouter_9_3.ipv4,94.5,1,0,0
fail20_test1,1,Network.ospfRouter_9_3.ipv4,94.6,1,0,0
fail20_test1,1,Network.ospfRouter_9_3.ipv4,94.7,1,0,0
fail20_test1,1,Network.ospfRouter_9_3.ipv4,94.8,1,0,0
fail20_test1,1,Network.ospfRouter_9_3.ipv4,94.9,1,0,0
fail20_test1,1,Network.ospfRouter_9_3.ipv4,95,1,0,0
fail20_test1,1,Network.ospfRouter_9_3.ipv4,95.1,1,0,0
fail20_test1,1,Network.ospfRouter_9_3.ipv4,95.2,1,0,0
fail20_test1,1,Network.ospfRouter_9_3.ipv4,95.3,1,0,0
fail20_test1,1,Network.ospfRouter_9_3.ipv4,95.4,1,0,0
fail20_test1,1,Network.ospfRouter_9_3.ipv4,95.5,1,0,0
fail20_test1,1,Network.ospfRouter_9_3.ipv4,95.6,1,0,0
fail20_test1,1,Network.ospfRouter_9_3.ipv4,95.7,1,0,0
fail20_test1,1,Network.ospfRouter_9_3.ipv4,95.8,1,0,0
fail20_test1,1,Network.ospfRouter_9_3.ipv4,95.9,1,0,0
fail20_test1,1,Network.ospfRouter_9_3.ipv4,96,1,0,0
fail20_test1,1,Network.ospfRouter_9_3.ipv4,96.1,1,0,0
fail20_test1,1,Network.ospfRouter_9_3.ipv4,96.2,1,0,0
fail20_test1,1,Network.ospfRouter_9_3.ipv4,96.3,1,0,0
fail20_test1,1,Network.ospfRouter_9_3.ipv4,96.4,1,0,0
fail20_test1,1,Network.ospfRouter_9_3.ipv4,96.5,1,0,0
fail20_test1,1,Network.ospfRouter_9_3.ipv4,96.6,1,0,0
fail20_test1,1,Network.ospfRouter_9_3.ipv4,96.7,1,0,0
fail20_test1,1,Network.ospfRouter_9_3.ipv4,96.8,1,0,0
fail20_test1,1,Network.ospfRouter_9_3.ipv4,96.9,1,0,0
fail20_test1,1,Network.ospfRouter_9_3.ipv4,97,1,0,0
fail20_test1,1,Network.ospfRouter_9_3.ipv4,97.1,1,0,0
fail20_test1,1,Network.ospfRouter_9_3.ipv4,97.2,1,0,0
fail20_test1,1,Network.ospfRouter_9_3.ipv4,97.3,1,0,0
fail20_test1,1,Network.ospfRouter_9_3.ipv4,97.4,1,0,0
fail20_test1,1,Network.ospfRouter_9_3.ipv4,97.5,1,0,0
fail20_test1,1,Network.ospfRouter_9_3.ipv4,97.6,1,0,0
fail20_test1,1,Network.ospfRouter_9_3.ipv4,97.7,1,0,0
fail20_test1,1,Network.ospfRouter_9_3.ipv4,97.8,1,0,0
fail20_test1,1,Network.ospfRouter_9_3.ipv4,97.9,1,0,0
fail20_test1,1,Network.ospfRouter_9_3.ipv4,98,1,0,0
fail20_test1,1,Network.ospfRouter_9_3.ipv4,98.1,1,0,0
fail20_test1,1,Network.ospfRouter_9_3.ipv4,98.2,1,0,0
fail20_test1,1,Network.ospfRouter_9_3.ipv4,99.5,1,0,0
fail20_test1,1,Network.ospfRouter_9_3.ipv4,111.1,1,0,0
fail20_test1,1,Network.ospfRouter_9_3.ipv4,111.2,1,0,0
fail20_test1,1,Network.ospfRouter_9_3.ipv4,111.3,1,0,0
fail20_test1,1,Network.ospfRouter_9_3.ipv4,111.4,1,0,0
fail20_test1,1,Network.ospfRouter_9_3.ipv4,111.5,1,0,0
fail20_test1,1,Network.ospfRouter_9_3.ipv4,111.6,1,0,0
fail20_test1,1,Network.ospfRouter_9_3.ipv4,111.7,1,0,0
fail20_test1,1,Network.ospfRouter_9_3.ipv4,111.8,1,0,0
fail20_test1,1,Network.ospfRouter_9_3.ipv4,111.9,1,0,0
fail20_test1,1,Network.ospfRouter_9_3.ipv4,112,1,0,0
fail20_test1,1,Network.ospfRouter_9_3.ipv4,112.1,1,0,0
fail20_test1,1,Network.ospfRouter_9_3.ipv4,112.2,1,0,0
fail20_test1,1,Network.ospfRouter_9_3.ipv4,112.3,1,0,0
fail20_test1,1,Network.ospfRouter_9_3.ipv4,112.4,1,0,0
fail20_test1,1,Network.ospfRouter_9_3.ipv4,112.5,1,0,0
fail20_test1,1,Network.ospfRouter_9_3.ipv4,113.3,1,0,0
fail20_test2,1,Network.ospfRouter_5_4.ipv4,32.1564004,1,0,0
fail20_test2,1,Network.ospfRouter_5_4.ipv4,32.1564004,1,0,0
fail20_test2,1,Network.ospfRouter_5_4.ipv4,32.8564004,1,0,0
fail20_test2,1,Network.ospfRouter_5_4.ipv4,32.8564004,1,0,0
fail20_test2,1,Network.ospfRouter_5_4.ipv4,32.9564004,1,0,0
fail20_test2,1,Network.ospfRouter_5_4.ipv4,32.9564004,1,0,0
fail20_test2,1,Network.ospfRouter_5_4.ipv4,33.05648536,1,0,0
fail20_test2,1,Network.ospfRouter_5_4.ipv4,33.05648536,1,0,0
fail20_test2,1,Network.ospfRouter_5_4.ipv4,33.8564004,1,0,0
fail20_test2,1,Network.ospfRouter_5_4.ipv4,33.8564004,1,0,0
fail20_test2,1,Network.ospfRouter_5_4.ipv4,33.9564004,1,0,0
fail20_test2,1,Network.ospfRouter_5_4.ipv4,33.9564004,1,0,0
fail20_test2,1,Network.ospfRouter_5_4.ipv4,34.05654152,1,0,0
fail20_test2,1,Network.ospfRouter_5_4.ipv4,34.05654152,1,0,0
fail20_test2,1,Network.ospfRouter_5_4.ipv4,34.1564004,1,0,0
fail20_test2,1,Network.ospfRouter_5_4.ipv4,34.1564004,1,0,0
fail20_test2,1,Network.ospfRouter_5_4.ipv4,34.2564004,1,0,0
fail20_test2,1,Network.ospfRouter_5_4.ipv4,34.2564004,1,0,0
fail20_test2,1,Network.ospfRouter_5_4.ipv4,34.3564004,1,0,0
fail20_test2,1,Network.ospfRouter_5_4.ipv4,34.3564004,1,0,0
fail20_test2,1,Network.ospfRouter_5_4.ipv4,34.4564004,1,0,0
fail20_test2,1,Network.ospfRouter_5_4.ipv4,34.4564004,1,0,0
fail20_test2,1,Network.ospfRouter_5_4.ipv4,34.5564004,1,0,0
fail20_test2,1,Network.ospfRouter_5_4.ipv4,34.5564004,1,0,0
fail20_test2,1,Network.ospfRouter_5_4.ipv4,34.6564004,1,0,0
fail20_test2,1,Network.ospfRouter_5_4.ipv4,34.6564004,1,0,0
fail20_test2,1,Network.ospfRouter_5_4.ipv4,34.7564004,1,0,0
fail20_test2,1,Network.ospfRouter_5_4.ipv4,34.7564004,1,0,0
fail20_test2,1,Network.ospfRouter_5_1.ipv4,79.79262028,1,0,0
fail20_test2,1,Network.ospfRouter_5_1.ipv4,79.79262028,1,0,0
fail20_test2,1,Network.ospfRouter_5_1.ipv4,79.89262028,1,0,0
fail20_test2,1,Network.ospfRouter_5_1.ipv4,79.89262028,1,0,0
fail20_test2,1,Network.ospfRouter_5_1.ipv4,79.99262028,1,0,0
fail20_test2,1,Network.ospfRouter_5_1.ipv4,79.99262028,1,0,0
fail20_test2,1,Network.ospfRouter_4_5.ipv4,97.71249704,1,0,0
fail20_test2,1,Network.ospfRouter_3_4.ipv4,97.7948348,1,0,0
fail20_test2,1,Network.ospfRouter_10_2.ipv4,97.83307876,1,0,0
fail20_test2,1,Network.ospfRouter_9_3.ipv4,97.9,1,0,0
fail20_test2,1,Network.ospfRouter_9_3.ipv4,98,1,0,0
fail20_test2,1,Network.ospfRouter_9_3.ipv4,98.1,1,0,0
fail20_test2,1,Network.ospfRouter_9_3.ipv4,98.2,1,0,0
fail20_test2,1,Network.ospfRouter_9_3.ipv4,98.3,1,0,0
fail20_test2,1,Network.ospfRouter_9_3.ipv4,98.4,1,0,0
fail20_test2,1,Network.ospfRouter_9_3.ipv4,98.5,1,0,0
fail20_test2,1,Network.ospfRouter_9_3.ipv4,98.6,1,0,0
fail20_test2,1,Network.ospfRouter_9_3.ipv4,98.7,1,0,0
fail20_test2,1,Network.ospfRouter_9_3.ipv4,98.8,1,0,0
fail20_test2,1,Network.ospfRouter_9_3.ipv4,98.9,1,0,0
fail20_test2,1,Network.ospfRouter_9_3.ipv4,99,1,0,0
fail20_test2,1,Network.ospfRouter_9_3.ipv4,99.1,1,0,0
fail20_test2,1,Network.ospfRouter_9_3.ipv4,99.2,1,0,0
fail20_test2,1,Network.ospfRouter_9_3.ipv4,99.3,1,0,0
fail20_test2,1,Network.ospfRouter_9_3.ipv4,99.4,1,0,0
fail20_test2,1,Network.ospfRouter_9_3.ipv4,99.5,1,0,0
fail20_test2,1,Network.ospfRouter_9_3.ipv4,99.6,1,0,0
fail20_test2,1,Network.ospfRouter_9_3.ipv4,99.7,1,0,0
fail20_test2,1,Network.ospfRouter_9_3.ipv4,99.8,1,0,0
fail20_test2,1,Network.ospfRouter_9_3.ipv4,99.9,1,0,0
fail20_test2,1,Network.ospfRouter_9_3.ipv4,100,1,0,0
fail20_test2,1,Network.ospfRouter_9_3.ipv4,100.1,1,0,0
fail20_test2,1,Network.ospfRouter_9_3.ipv4,100.2,1,0,0
fail20_test2,1,Network.ospfRouter_9_3.ipv4,100.3,1,0,0
fail20_test2,1,Network.ospfRouter_9_3.ipv4,100.4,1,0,0
fail20_test2,1,Network.ospfRouter_9_3.ipv4,100.5,1,0,0
fail20_test2,1,Network.ospfRouter_9_3.ipv4,100.6,1,0,0
fail20_test2,1,Network.ospfRouter_9_3.ipv4,100.7,1,0,0
fail20_test2,1,Network.ospfRouter_9_3.ipv4,100.8,1,0,0
fail20_test2,1,Network.ospfRouter_9_3.ipv4,100.9,1,0,0
fail20_test2,1,Network.ospfRouter_9_3.ipv4,101,1,0,0
fail20_test2,1,Network.ospfRouter_9_3.ipv4,101.1,1,0,0
fail20_test2,1,Network.ospfRouter_9_3.ipv4,101.2,1,0,0
fail20_test2,1,Network.ospfRouter_9_3.ipv4,101.3,1,0,0
fail20_test2,1,Network.ospfRouter_9_3.ipv4,101.4,1,0,0
fail20_test2,1,Network.ospfRouter_9_3.ipv4,101.5,1,0,0
fail20_test2,1,Network.ospfRouter_9_3.ipv4,101.6,1,0,0
fail20_test2,1,Network.ospfRouter_9_3.ipv4,101.7,1,0,0
fail20_test2,1,Network.ospfRouter_9_3.ipv4,101.8,1,0,0
fail20_test2,1,Network.ospfRouter_9_3.ipv4,101.9,1,0,0
fail20_test2,1,Network.ospfRouter_9_3.ipv4,102,1,0,0
fail20_test2,1,Network.ospfRouter_9_3.ipv4,102.1,1,0,0
fail20_test2,1,Network.ospfRouter_9_3.ipv4,102.2,1,0,0
fail20_test2,1,Network.ospfRouter_9_3.ipv4,102.3,1,0,0
fail20_test2,1,Network.ospfRouter_9_3.ipv4,102.4,1,0,0
fail20_test2,1,Network.ospfRouter_9_3.ipv4,102.5,1,0,0
fail20_test2,1,Network.ospfRouter_9_3.ipv4,102.6,1,0,0
fail20_test2,1,Network.ospfRouter_9_3.ipv4,102.7,1,0,0
fail20_test3,1,Network.ospfRouter_8_3.ipv4,27.51343788,1,0,0
fail20_test3,1,Network.ospfRouter_9_3.ipv4,27.6,1,0,0
fail20_test3,1,Network.ospfRouter_9_3.ipv4,27.7,1,0,0
fail20_test3,1,Network.ospfRouter_9_3.ipv4,27.8,1,0,0
fail20_test3,1,Network.ospfRouter_9_3.ipv4,27.9,1,0,0
fail20_test3,1,Network.ospfRouter_9_3.ipv4,28,1,0,0
fail20_test3,1,Network.ospfRouter_9_3.ipv4,28.1,1,0,0
fail20_test3,1,Network.ospfRouter_9_3.ipv4,28.2,1,0,0
fail20_test3,1,Network.ospfRouter_9_3.ipv4,28.3,1,0,0
fail20_test3,1,Network.ospfRouter_9_3.ipv4,28.4,1,0,0
fail20_test3,1,Network.ospfRouter_9_3.ipv4,28.5,1,0,0
fail20_test3,1,Network.ospfRouter_9_3.ipv4,28.6,1,0,0
fail20_test3,1,Network.ospfRouter_9_3.ipv4,28.7,1,0,0
fail20_test3,1,Network.ospfRouter_9_3.ipv4,28.8,1,0,0
fail20_test3,1,Network.ospfRouter_9_3.ipv4,28.9,1,0,0
fail20_test3,1,Network.ospfRouter_9_3.ipv4,29,1,0,0
fail20_test3,1,Network.ospfRouter_9_3.ipv4,29.1,1,0,0
fail20_test3,1,Network.ospfRouter_9_3.ipv4,29.2,1,0,0
fail20_test3,1,Network.ospfRouter_9_3.ipv4,29.3,1,0,0
fail20_test3,1,Network.ospfRouter_9_3.ipv4,29.4,1,0,0
fail20_test3,1,Network.ospfRouter_9_3.ipv4,29.5,1,0,0
fail20_test3,1,Network.ospfRouter_9_3.ipv4,29.6,1,0,0
fail20_test3,1,Network.ospfRouter_9_3.ipv4,29.7,1,0,0
fail20_test3,1,Network.ospfRouter_9_3.ipv4,29.8,1,0,0
fail20_test3,1,Network.ospfRouter_9_3.ipv4,29.9,1,0,0
fail20_test3,1,Network.ospfRouter_9_3.ipv4,30,1,0,0
fail20_test3,1,Network.ospfRouter_9_3.ipv4,30.1,1,0,0
fail20_test3,1,Network.ospfRouter_9_3.ipv4,30.2,1,0,0
fail20_test3,1,Network.ospfRouter_9_3.ipv4,30.3,1,0,0
fail20_test3,1,Network.ospfRouter_9_3.ipv4,30.4,1,0,0
fail20_test3,1,Network.ospfRouter_9_3.ipv4,30.5,1,0,0
fail20_test3,1,Network.ospfRouter_9_3.ipv4,30.6,1,0,0
fail20_test3,1,Network.ospfRouter_9_3.ipv4,30.7,1,0,0
fail20_test3,1,Network.ospfRouter_9_3.ipv4,30.8,1,0,0
fail20_test3,1,Network.ospfRouter_9_3.ipv4,30.9,1,0,0
fail20_test3,1,Network.ospfRouter_9_3.ipv4,31,1,0,0
fail20_test3,1,Network.ospfRouter_9_3.ipv4,31.1,1,0,0
fail20_test3,1,Network.ospfRouter_9_3.ipv4,31.2,1,0,0
fail20_test3,1,Network.ospfRouter_9_3.ipv4,31.3,1,0,0
fail20_test3,1,Network.ospfRouter_9_3.ipv4,31.4,1,0,0
fail20_test3,1,Network.ospfRouter_9_3.ipv4,31.5,1,0,0
fail20_test3,1,Network.ospfRouter_9_3.ipv4,31.6,1,0,0
fail20_test3,1,Network.ospfRouter_9_3.ipv4,31.7,1,0,0
fail20_test3,1,Network.ospfRouter_9_3.ipv4,31.8,1,0,0
fail20_test3,1,Network.ospfRouter_9_3.ipv4,31.9,1,0,0
fail20_test3,1,Network.ospfRouter_9_3.ipv4,32,1,0,0
fail20_test3,1,Network.ospfRouter_9_3.ipv4,32.1,1,0,0
fail20_test3,1,Network.ospfRouter_9_3.ipv4,32.2,1,0,0
fail20_test3,1,Network.ospfRouter_9_3.ipv4,32.3,1,0,0
fail20_test3,1,Network.ospfRouter_9_3.ipv4,32.4,1,0,0
fail20_test3,1,Network.ospfRouter_9_3.ipv4,32.5,1,0,0
fail20_test3,1,Network.ospfRouter_8_3.ipv4,32.61343788,1,0,0
fail20_test3,1,Network.ospfRouter_9_3.ipv4,32.7,1,0,0
fail20_test3,1,Network.ospfRouter_9_3.ipv4,32.8,1,0,0
fail20_test3,1,Network.ospfRouter_9_3.ipv4,32.9,1,0,0
fail20_test3,1,Network.ospfRouter_9_3.ipv4,33,1,0,0
fail20_test3,1,Network.ospfRouter_9_3.ipv4,33.1,1,0,0
fail20_test3,1,Network.ospfRouter_9_3.ipv4,33.2,1,0,0
fail20_test3,1,Network.ospfRouter_9_3.ipv4,33.3,1,0,0
fail20_test3,1,Network.ospfRouter_9_3.ipv4,33.4,1,0,0
fail20_test3,1,Network.ospfRouter_9_3.ipv4,33.5,1,0,0
fail20_test3,1,Network.ospfRouter_9_3.ipv4,33.6,1,0,0
fail20_test3,1,Network.ospfRouter_9_3.ipv4,33.7,1,0,0
fail20_test3,1,Network.ospfRouter_9_3.ipv4,33.8,1,0,0
fail20_test3,1,Network.ospfRouter_9_3.ipv4,33.9,1,0,0
fail20_test3,1,Network.ospfRouter_9_3.ipv4,34,1,0,0
fail20_test3,1,Network.ospfRouter_9_3.ipv4,34.1,1,0,0
fail20_test3,1,Network.ospfRouter_9_3.ipv4,34.2,1,0,0
fail20_test3,1,Network.ospfRouter_9_3.ipv4,34.3,1,0,0
fail20_test3,1,Network.ospfRouter_9_3.ipv4,34.4,1,0,0
fail20_test3,1,Network.ospfRouter_9_3.ipv4,34.5,1,0,0
fail20_test3,1,Network.ospfRouter_9_3.ipv4,34.6,1,0,0
fail20_test3,1,Network.ospfRouter_9_3.ipv4,34.7,1,0,0
fail20_test3,1,Network.ospfRouter_9_3.ipv4,34.8,1,0,0
fail20_test3,1,Network.ospfRouter_9_3.ipv4,34.9,1,0,0
fail20_test3,1,Network.ospfRouter_9_3.ipv4,35,1,0,0
fail20_test3,1,Network.ospfRouter_9_3.ipv4,35.1,1,0,0
fail20_test3,1,Network.ospfRouter_9_3.ipv4,35.2,1,0,0
fail20_test3,1,Network.ospfRouter_9_3.ipv4,35.3,1,0,0
fail20_test3,1,Network.ospfRouter_9_3.ipv4,35.4,1,0,0
fail20_test3,1,Network.ospfRouter_9_3.ipv4,35.5,1,0,0
fail20_test3,1,Network.ospfRouter_9_3.ipv4,35.6,1,0,0
fail20_test3,1,Network.ospfRouter_9_3.ipv4,35.7,1,0,0
fail20_test3,1,Network.ospfRouter_9_3.ipv4,35.8,1,0,0
fail20_test3,1,Network.ospfRouter_9_3.ipv4,35.9,1,0,0
fail20_test3,1,Network.ospfRouter_9_3.ipv4,36,1,0,0
fail20_test3,1,Network.ospfRouter_9_3.ipv4,36.1,1,0,0
fail20_test3,1,Network.ospfRouter_9_3.ipv4,36.2,1,0,0
fail20_test3,1,Network.ospfRouter_9_3.ipv4,36.3,1,0,0
fail20_test3,1,Network.ospfRouter_9_3.ipv4,36.4,1,0,0
fail20_test3,1,Network.ospfRouter_9_3.ipv4,36.5,1,0,0
fail20_test3,1,Network.ospfRouter_9_3.ipv4,36.6,1,0,0
fail20_test3,1,Network.ospfRouter_9_3.ipv4,36.7,1,0,0
fail20_test3,1,Network.ospfRouter_9_3.ipv4,36.8,1,0,0
fail20_test3,1,Network.ospfRouter_9_3.ipv4,36.9,1,0,0
fail20_test3,1,Network.ospfRouter_9_3.ipv4,37,1,0,0
fail20_test3,1,Network.ospfRouter_9_3.ipv4,37.1,1,0,0
fail20_test3,1,Network.ospfRouter_9_3.ipv4,37.2,1,0,0
fail20_test3,1,Network.ospfRouter_9_3.ipv4,37.3,1,0,0
fail20_test3,1,Network.ospfRouter_9_3.ipv4,37.4,1,0,0
fail20_test3,1,Network.ospfRouter_9_3.ipv4,37.5,1,0,0
fail20_test3,1,Network.ospfRouter_9_3.ipv4,37.6,1,0,0
fail20_test3,1,Network.ospfRouter_6_6.ipv4,37.97738628,1,0,0
fail20_test3,1,Network.ospfRouter_8_4.ipv4,38.03733552,1,0,0
fail20_test3,1,Network.ospfRouter_9_3.ipv4,38.1,1,0,0
fail20_test3,1,Network.ospfRouter_9_3.ipv4,38.2,1,0,0
fail20_test3,1,Network.ospfRouter_9_3.ipv4,38.3,1,0,0
fail20_test3,1,Network.ospfRouter_9_3.ipv4,38.4,1,0,0
fail20_test3,1,Network.ospfRouter_9_3.ipv4,38.5,1,0,0
fail20_test3,1,Network.ospfRouter_9_3.ipv4,38.6,1,0,0
fail20_test3,1,Network.ospfRouter_9_3.ipv4,38.7,1,0,0
fail20_test3,1,Network.ospfRouter_9_3.ipv4,38.8,1,0,0
fail20_test3,1,Network.ospfRouter_9_3.ipv4,38.9,1,0,0
fail20_test3,1,Network.ospfRouter_9_3.ipv4,39,1,0,0
fail20_test3,1,Network.ospfRouter_9_3.ipv4,39.1,1,0,0
fail20_test3,1,Network.ospfRouter_9_3.ipv4,39.2,1,0,0
fail20_test3,1,Network.ospfRouter_9_3.ipv4,39.3,1,0,0
fail20_test3,1,Network.ospfRouter_9_3.ipv4,39.4,1,0,0
fail20_test3,1,Network.ospfRouter_9_3.ipv4,39.5,1,0,0
fail20_test3,1,Network.ospfRouter_9_3.ipv4,39.6,1,0,0
fail20_test3,1,Network.ospfRouter_9_3.ipv4,39.7,1,0,0
fail20_test3,1,Network.ospfRouter_9_3.ipv4,39.8,1,0,0
fail20_test3,1,Network.ospfRouter_9_3.ipv4,39.9,1,0,0
fail20_test3,1,Network.ospfRouter_9_3.ipv4,40,1,0,0
fail20_test3,1,Network.ospfRouter_9_3.ipv4,40.1,1,0,0
fail20_test3,1,Network.ospfRouter_9_3.ipv4,40.2,1,0,0
fail20_test3,1,Network.ospfRouter_9_3.ipv4,40.3,1,0,0
fail20_test3,1,Network.ospfRouter_9_3.ipv4,40.4,1,0,0
fail20_test3,1,Network.ospfRouter_9_3.ipv4,40.5,1,0,0
fail20_test3,1,Network.ospfRouter_9_3.ipv4,40.6,1,0,0
fail20_test3,1,Network.ospfRouter_9_3.ipv4,40.7,1,0,0
fail20_test3,1,Network.ospfRouter_9_3.ipv4,40.8,1,0,0
fail20_test3,1,Network.ospfRouter_9_3.ipv4,40.9,1,0,0
fail20_test3,1,Network.ospfRouter_9_3.ipv4,41,1,0,0
fail20_test3,1,Network.ospfRouter_9_3.ipv4,41.1,1,0,0
fail20_test3,1,Network.ospfRouter_9_3.ipv4,41.2,1,0,0
fail20_test3,1,Network.ospfRouter_9_3.ipv4,41.3,1,0,0
fail20_test3,1,Network.ospfRouter_9_3.ipv4,41.4,1,0,0
fail20_test3,1,Network.ospfRouter_9_3.ipv4,41.5,1,0,0
fail20_test3,1,Network.ospfRouter_9_3.ipv4,41.6,1,0,0
fail20_test3,1,Network.ospfRouter_9_3.ipv4,41.7,1,0,0
fail20_test3,1,Network.ospfRouter_9_3.ipv4,41.8,1,0,0
fail20_test3,1,Network.ospfRouter_9_3.ipv4,41.9,1,0,0
fail20_test3,1,Network.ospfRouter_9_3.ipv4,42,1,0,0
fail20_test3,1,Network.ospfRouter_9_3.ipv4,42.1,1,0,0
fail20_test3,1,Network.ospfRouter_9_3.ipv4,42.2,1,0,0
fail20_test3,1,Network.ospfRouter_9_3.ipv4,42.3,1,0,0
fail20_test3,1,Network.ospfRouter_9_3.ipv4,42.4,1,0,0
fail20_test3,1,Network.ospfRouter_9_3.ipv4,42.5,1,0,0
fail20_test3,1,Network.ospfRouter_9_3.ipv4,42.6,1,0,0
fail20_test3,1,Network.ospfRouter_9_3.ipv4,42.7,1,0,0
fail20_test3,1,Network.ospfRouter_9_3.ipv4,42.8,1,0,0
fail20_test3,1,Network.ospfRouter_9_3.ipv4,42.9,1,0,0
fail20_test3,1,Network.ospfRouter_8_2.ipv4,48.48493128,1,0,0
fail20_test3,1,Network.ospfRouter_9_2.ipv4,48.52383188,1,0,0
fail20_test3,1,Network.ospfRouter_9_3.ipv4,48.6,1,0,0
fail20_test3,1,Network.ospfRouter_9_3.ipv4,48.7,1,0,0
fail20_test3,1,Network.ospfRouter_9_3.ipv4,48.8,1,0,0
fail20_test3,1,Network.ospfRouter_9_3.ipv4,48.9,1,0,0
fail20_test3,1,Network.ospfRouter_9_3.ipv4,49,1,0,0
fail20_test3,1,Network.ospfRouter_9_3.ipv4,49.1,1,0,0
fail20_test3,1,Network.ospfRouter_9_3.ipv4,49.2,1,0,0
fail20_test3,1,Network.ospfRouter_9_3.ipv4,49.3,1,0,0
fail20_test3,1,Network.ospfRouter_9_3.ipv4,49.4,1,0,0
fail20_test3,1,Network.ospfRouter_9_3.ipv4,49.5,1,0,0
fail20_test3,1,Network.ospfRouter_9_3.ipv4,49.6,1,0,0
fail20_test3,1,Network.ospfRouter_9_3.ipv4,49.7,1,0,0
fail20_test3,1,Network.ospfRouter_9_3.ipv4,49.8,1,0,0
fail20_test3,1,Network.ospfRouter_9_3.ipv4,49.9,1,0,0
fail20_test3,1,Network.ospfRouter_9_3.ipv4,50,1,0,0
fail20_test3,1,Network.ospfRouter_9_3.ipv4,50.1,1,0,0
fail20_test3,1,Network.ospfRouter_9_3.ipv4,50.2,1,0,0
fail20_test3,1,Network.ospfRouter_9_3.ipv4,50.3,1,0,0
fail20_test3,1,Network.ospfRouter_9_3.ipv4,50.4,1,0,0
fail20_test3,1,Network.ospfRouter_9_3.ipv4,50.5,1,0,0
fail20_test3,1,Network.ospfRouter_9_3.ipv4,50.6,1,0,0
fail20_test3,1,Network.ospfRouter_9_3.ipv4,50.7,1,0,0
fail20_test3,1,Network.ospfRouter_9_3.ipv4,50.8,1,0,0
fail20_test3,1,Network.ospfRouter_9_3.ipv4,50.9,1,0,0
fail20_test3,1,Network.ospfRouter_9_3.ipv4,51,1,0,0
fail20_test3,1,Network.ospfRouter_9_3.ipv4,51.1,1,0,0
fail20_test3,1,Network.ospfRouter_9_3.ipv4,51.2,1,0,0
fail20_test3,1,Network.ospfRouter_9_3.ipv4,51.3,1,0,0
fail20_test3,1,Network.ospfRouter_9_3.ipv4,51.4,1,0,0
fail20_test3,1,Network.ospfRouter_9_3.ipv4,51.5,1,0,0
fail20_test3,1,Network.ospfRouter_9_3.ipv4,51.6,1,0,0
fail20_test3,1,Network.ospfRouter_9_3.ipv4,51.7,1,0,0
fail20_test3,1,Network.ospfRouter_9_3.ipv4,51.8,1,0,0
fail20_test3,1,Network.ospfRouter_9_3.ipv4,51.9,1,0,0
fail20_test3,1,Network.ospfRouter_9_3.ipv4,52,1,0,0
fail20_test3,1,Network.ospfRouter_9_3.ipv4,52.1,1,0,0
fail20_test3,1,Network.ospfRouter_9_3.ipv4,52.2,1,0,0
fail20_test3,1,Network.ospfRouter_9_3.ipv4,52.3,1,0,0
fail20_test3,1,Network.ospfRouter_9_3.ipv4,52.4,1,0,0
fail20_test3,1,Network.ospfRouter_9_3.ipv4,52.5,1,0,0
fail20_test3,1,Network.ospfRouter_9_3.ipv4,52.6,1,0,0
fail20_test3,1,Network.ospfRouter_9_3.ipv4,52.7,1,0,0
fail20_test3,1,Network.ospfRouter_9_3.ipv4,52.8,1,0,0
fail20_test3,1,Network.ospfRouter_9_3.ipv4,52.9,1,0,0
fail20_test3,1,Network.ospfRouter_9_3.ipv4,53,1,0,0
fail20_test3,1,Network.ospfRouter_9_3.ipv4,53.1,1,0,0
fail20_test3,1,Network.ospfRouter_9_3.ipv4,53.2,1,0,0
fail20_test3,1,Network.ospfRouter_9_3.ipv4,53.3,1,0,0
fail20_test3,1,Network.ospfRouter_9_3.ipv4,53.4,1,0,0
fail20_test3,1,Network.ospfRouter_9_3.ipv4,53.5,1,0,0
fail20_test3,1,Network.ospfRouter_4_5.ipv4,66.19905904,1,0,0
fail20_test3,1,Network.ospfRouter_1_4.ipv4,66.26796128,1,0,0
fail20_test3,1,Network.ospfRouter_9_3.ipv4,66.3,1,0,0
fail20_test3,1,Network.ospfRouter_9_3.ipv4,66.4,1,0,0
fail20_test3,1,Network.ospfRouter_9_3.ipv4,66.5,1,0,0
fail20_test3,1,Network.ospfRouter_9_3.ipv4,66.6,1,0,0
fail20_test3,1,Network.ospfRouter_9_3.ipv4,66.7,1,0,0
fail20_test3,1,Network.ospfRouter_9_3.ipv4,66.8,1,0,0
fail20_test3,1,Network.ospfRouter_9_3.ipv4,66.9,1,0,0
fail20_test3,1,Network.ospfRouter_9_3.ipv4,67,1,0,0
fail20_test3,1,Network.ospfRouter_9_3.ipv4,67.1,1,0,0
fail20_test3,1,Network.ospfRouter_9_3.ipv4,67.2,1,0,0
fail20_test3,1,Network.ospfRouter_9_3.ipv4,67.3,1,0,0
fail20_test3,1,Network.ospfRouter_9_3.ipv4,67.4,1,0,0
fail20_test3,1,Network.ospfRouter_9_3.ipv4,67.5,1,0,0
fail20_test3,1,Network.ospfRouter_9_3.ipv4,67.6,1,0,0
fail20_test3,1,Network.ospfRouter_9_3.ipv4,67.7,1,0,0
fail20_test3,1,Network.ospfRouter_9_3.ipv4,67.8,1,0,0
fail20_test3,1,Network.ospfRouter_9_3.ipv4,67.9,1,0,0
fail20_test3,1,Network.ospfRouter_9_3.ipv4,68,1,0,0
fail20_test3,1,Network.ospfRouter_9_3.ipv4,68.1,1,0,0
fail20_test3,1,Network.ospfRouter_9_3.ipv4,68.2,1,0,0
fail20_test3,1,Network.ospfRouter_9_3.ipv4,68.3,1,0,0
fail20_test3,1,Network.ospfRouter_9_3.ipv4,68.4,1,0,0
fail20_test3,1,Network.ospfRouter_9_3.ipv4,68.5,1,0,0
fail20_test3,1,Network.ospfRouter_9_3.ipv4,68.6,1,0,0
fail20_test3,1,Network.ospfRouter_9_3.ipv4,68.7,1,0,0
fail20_test3,1,Network.ospfRouter_9_3.ipv4,68.8,1,0,0
fail20_test3,1,Network.ospfRouter_9_3.ipv4,68.9,1,0,0
fail20_test3,1,Network.ospfRouter_9_3.ipv4,69,1,0,0
fail20_test3,1,Network.ospfRouter_9_3.ipv4,69.1,1,0,0
fail20_test3,1,Network.ospfRouter_9_3.ipv4,69.2,1,0,0
fail20_test3,1,Network.ospfRouter_9_3.ipv4,69.3,1,0,0
fail20_test3,1,Network.ospfRouter_9_3.ipv4,69.4,1,0,0
fail20_test3,1,Network.ospfRouter_9_3.ipv4,69.5,1,0,0
fail20_test3,1,Network.ospfRouter_9_3.ipv4,69.6,1,0,0
fail20_test3,1,Network.ospfRouter_9_3.ipv4,69.7,1,0,0
fail20_test3,1,Network.ospfRouter_9_3.ipv4,69.8,1,0,0
fail20_test3,1,Network.ospfRouter_9_3.ipv4,69.9,1,0,0
fail20_test3,1,Network.ospfRouter_9_3.ipv4,70,1,0,0
fail20_test3,1,Network.ospfRouter_9_3.ipv4,70.1,1,0,0
fail20_test3,1,Network.ospfRouter_9_3.ipv4,70.2,1,0,0
fail20_test3,1,Network.ospfRouter_9_3.ipv4,70.3,1,0,0
fail20_test3,1,Network.ospfRouter_9_3.ipv4,70.4,1,0,0
fail20_test3,1,Network.ospfRouter_9_3.ipv4,70.5,1,0,0
fail20_test3,1,Network.ospfRouter_9_3.ipv4,70.6,1,0,0
fail20_test3,1,Network.ospfRouter_9_3.ipv4,70.7,1,0,0
fail20_test3,1,Network.ospfRouter_9_3.ipv4,70.8,1,0,0
fail20_test3,1,Network.ospfRouter_9_3.ipv4,70.9,1,0,0
fail20_test3,1,Network.ospfRouter_9_3.ipv4,71,1,0,0
fail20_test3,1,Network.ospfRouter_9_3.ipv4,71.1,1,0,0
fail20_test3,1,Network.ospfRouter_9_3.ipv4,71.2,1,0,0
fail20_test4,1,Network.ospfRouter_7_5.ipv4,47.95792552,1,0,0
fail20_test4,1,Network.ospfRouter_8_4.ipv4,47.98195464,1,0,0
fail20_test4,1,Network.ospfRouter_9_4.ipv4,48.02383188,1,0,0
fail20_test4,1,Network.ospfRouter_9_3.ipv4,48.1,1,0,0
fail20_test4,1,Network.ospfRouter_9_3.ipv4,48.2,1,0,0
fail20_test4,1,Network.ospfRouter_9_3.ipv4,48.3,1,0,0
fail20_test4,1,Network.ospfRouter_9_3.ipv4,48.4,1,0,0
fail20_test4,1,Network.ospfRouter_9_3.ipv4,48.5,1,0,0
fail20_test4,1,Network.ospfRouter_9_3.ipv4,48.6,1,0,0
fail20_test4,1,Network.ospfRouter_9_3.ipv4,48.7,1,0,0
fail20_test4,1,Network.ospfRouter_9_3.ipv4,48.8,1,0,0
fail20_test4,1,Network.ospfRouter_9_3.ipv4,48.9,1,0,0
fail20_test4,1,Network.ospfRouter_9_3.ipv4,49,1,0,0
fail20_test4,1,Network.ospfRouter_9_3.ipv4,49.1,1,0,0
fail20_test4,1,Network.ospfRouter_9_3.ipv4,49.2,1,0,0
fail20_test4,1,Network.ospfRouter_9_3.ipv4,49.3,1,0,0
fail20_test4,1,Network.ospfRouter_9_3.ipv4,49.4,1,0,0
fail20_test4,1,Network.ospfRouter_9_3.ipv4,49.5,1,0,0
fail20_test4,1,Network.ospfRouter_9_3.ipv4,49.6,1,0,0
fail20_test4,1,Network.ospfRouter_9_3.ipv4,49.7,1,0,0
fail20_test4,1,Network.ospfRouter_9_3.ipv4,49.8,1,0,0
fail20_test4,1,Network.ospfRouter_9_3.ipv4,49.9,1,0,0
fail20_test4,1,Network.ospfRouter_9_3.ipv4,50,1,0,0
fail20_test4,1,Network.ospfRouter_9_3.ipv4,50.1,1,0,0
fail20_test4,1,Network.ospfRouter_9_3.ipv4,50.2,1,0,0
fail20_test4,1,Network.ospfRouter_9_3.ipv4,50.3,1,0,0
fail20_test4,1,Network.ospfRouter_9_3.ipv4,50.4,1,0,0
fail20_test4,1,Network.ospfRouter_9_3.ipv4,50.5,1,0,0
fail20_test4,1,Network.ospfRouter_9_3.ipv4,50.6,1,0,0
fail20_test4,1,Network.ospfRouter_9_3.ipv4,50.7,1,0,0
fail20_test4,1,Network.ospfRouter_9_3.ipv4,50.8,1,0,0
fail20_test4,1,Network.ospfRouter_9_3.ipv4,50.9,1,0,0
fail20_test4,1,Network.ospfRouter_9_3.ipv4,51,1,0,0
fail20_test4,1,Network.ospfRouter_9_3.ipv4,51.1,1,0,0
fail20_test4,1,Network.ospfRouter_9_3.ipv4,51.2,1,0,0
fail20_test4,1,Network.ospfRouter_9_3.ipv4,51.3,1,0,0
fail20_test4,1,Network.ospfRouter_9_3.ipv4,51.4,1,0,0
fail20_test4,1,Network.ospfRouter_9_3.ipv4,51.5,1,0,0
fail20_test4,1,Network.ospfRouter_9_3.ipv4,51.6,1,0,0
fail20_test4,1,Network.ospfRouter_9_3.ipv4,51.7,1,0,0
fail20_test4,1,Network.ospfRouter_9_3.ipv4,51.8,1,0,0
fail20_test4,1,Network.ospfRouter_9_3.ipv4,51.9,1,0,0
fail20_test4,1,Network.ospfRouter_9_3.ipv4,52,1,0,0
fail20_test4,1,Network.ospfRouter_9_3.ipv4,52.1,1,0,0
fail20_test4,1,Network.ospfRouter_9_3.ipv4,52.2,1,0,0
fail20_test4,1,Network.ospfRouter_9_3.ipv4,52.3,1,0,0
fail20_test4,1,Network.ospfRouter_9_3.ipv4,52.4,1,0,0
fail20_test4,1,Network.ospfRouter_9_3.ipv4,52.5,1,0,0
fail20_test4,1,Network.ospfRouter_9_3.ipv4,52.6,1,0,0
fail20_test4,1,Network.ospfRouter_9_3.ipv4,52.7,1,0,0
fail20_test4,1,Network.ospfRouter_9_3.ipv4,52.8,1,0,0
fail20_test4,1,Network.ospfRouter_9_3.ipv4,52.9,1,0,0
fail20_test4,1,Network.ospfRouter_9_3.ipv4,53,1,0,0
fail20_test4,1,Network.ospfRouter_7_2.ipv4,77.04733364,1,0,0
fail20_test4,1,Network.ospfRouter_9_3.ipv4,77.1,1,0,0
fail20_test4,1,Network.ospfRouter_9_3.ipv4,77.2,1,0,0
fail20_test4,1,Network.ospfRouter_9_3.ipv4,77.3,1,0,0
fail20_test4,1,Network.ospfRouter_9_3.ipv4,77.4,1,0,0
fail20_test4,1,Network.ospfRouter_9_3.ipv4,77.5,1,0,0
fail20_test4,1,Network.ospfRouter_9_3.ipv4,77.6,1,0,0
fail20_test4,1,Network.ospfRouter_9_3.ipv4,77.7,1,0,0
fail20_test4,1,Network.ospfRouter_9_3.ipv4,77.8,1,0,0
fail20_test4,1,Network.ospfRouter_9_3.ipv4,77.9,1,0,0
fail20_test4,1,Network.ospfRouter_9_3.ipv4,78,1,0,0
fail20_test4,1,Network.ospfRouter_9_3.ipv4,78.1,1,0,0
fail20_test4,1,Network.ospfRouter_9_3.ipv4,78.2,1,0,0
fail20_test4,1,Network.ospfRouter_9_3.ipv4,78.3,1,0,0
fail20_test4,1,Network.ospfRouter_9_3.ipv4,78.4,1,0,0
fail20_test4,1,Network.ospfRouter_9_3.ipv4,78.5,1,0,0
fail20_test4,1,Network.ospfRouter_9_3.ipv4,78.6,1,0,0
fail20_test4,1,Network.ospfRouter_9_3.ipv4,78.7,1,0,0
fail20_test4,1,Network.ospfRouter_9_3.ipv4,78.8,1,0,0
fail20_test4,1,Network.ospfRouter_9_3.ipv4,78.9,1,0,0
fail20_test4,1,Network.ospfRouter_9_3.ipv4,79,1,0,0
fail20_test4,1,Network.ospfRouter_9_3.ipv4,79.1,1,0,0
fail20_test4,1,Network.ospfRouter_9_3.ipv4,79.2,1,0,0
fail20_test4,1,Network.ospfRouter_9_3.ipv4,79.3,1,0,0
fail20_test4,1,Network.ospfRouter_9_3.ipv4,79.4,1,0,0
fail20_test4,1,Network.ospfRouter_9_3.ipv4,79.5,1,0,0
fail20_test4,1,Network.ospfRouter_9_3.ipv4,79.6,1,0,0
fail20_test4,1,Network.ospfRouter_9_3.ipv4,79.7,1,0,0
fail20_test4,1,Network.ospfRouter_9_3.ipv4,79.8,1,0,0
fail20_test4,1,Network.ospfRouter_9_3.ipv4,79.9,1,0,0
fail20_test4,1,Network.ospfRouter_9_3.ipv4,80,1,0,0
fail20_test4,1,Network.ospfRouter_9_3.ipv4,80.1,1,0,0
fail20_test4,1,Network.ospfRouter_9_3.ipv4,80.2,1,0,0
fail20_test4,1,Network.ospfRouter_9_3.ipv4,80.3,1,0,0
fail20_test4,1,Network.ospfRouter_9_3.ipv4,80.4,1,0,0
fail20_test4,1,Network.ospfRouter_9_3.ipv4,80.5,1,0,0
fail20_test4,1,Network.ospfRouter_9_3.ipv4,80.6,1,0,0
fail20_test4,1,Network.ospfRouter_9_3.ipv4,80.7,1,0,0
fail20_test4,1,Network.ospfRouter_9_3.ipv4,80.8,1,0,0
fail20_test4,1,Network.ospfRouter_9_3.ipv4,80.9,1,0,0
fail20_test4,1,Network.ospfRouter_9_3.ipv4,81,1,0,0
fail20_test4,1,Network.ospfRouter_9_3.ipv4,81.1,1,0,0
fail20_test4,1,Network.ospfRouter_9_3.ipv4,81.2,1,0,0
fail20_test4,1,Network.ospfRouter_9_3.ipv4,81.3,1,0,0
fail20_test4,1,Network.ospfRouter_9_3.ipv4,81.4,1,0,0
fail20_test4,1,Network.ospfRouter_9_3.ipv4,81.5,1,0,0
fail20_test4,1,Network.ospfRouter_9_3.ipv4,81.6,1,0,0
fail20_test4,1,Network.ospfRouter_9_3.ipv4,81.7,1,0,0
fail20_test4,1,Network.ospfRouter_9_3.ipv4,81.8,1,0,0
fail20_test4,1,Network.ospfRouter_9_3.ipv4,81.9,1,0,0
fail20_test4,1,Network.ospfRouter_9_3.ipv4,82,1,0,0
fail20_test4,1,Network.ospfRouter_6_4.ipv4,82.45090552,1,0,0
fail20_test4,1,Network.ospfRouter_9_3.ipv4,82.5,1,0,0
fail20_test4,1,Network.ospfRouter_9_3.ipv4,82.6,1,0,0
fail20_test4,1,Network.ospfRouter_9_3.ipv4,82.7,1,0,0
fail20_test4,1,Network.ospfRouter_9_3.ipv4,82.8,1,0,0
fail20_test4,1,Network.ospfRouter_9_3.ipv4,82.9,1,0,0
fail20_test4,1,Network.ospfRouter_9_3.ipv4,83,1,0,0
fail20_test4,1,Network.ospfRouter_9_3.ipv4,83.1,1,0,0
fail20_test4,1,Network.ospfRouter_9_3.ipv4,83.2,1,0,0
fail20_test4,1,Network.ospfRouter_9_3.ipv4,83.3,1,0,0
fail20_test4,1,Network.ospfRouter_9_3.ipv4,83.4,1,0,0
fail20_test4,1,Network.ospfRouter_9_3.ipv4,83.5,1,0,0
fail20_test4,1,Network.ospfRouter_9_3.ipv4,83.6,1,0,0
fail20_test4,1,Network.ospfRouter_9_3.ipv4,83.7,1,0,0
fail20_test4,1,Network.ospfRouter_9_3.ipv4,83.8,1,0,0
fail20_test4,1,Network.ospfRouter_9_3.ipv4,83.9,1,0,0
fail20_test4,1,Network.ospfRouter_9_3.ipv4,84,1,0,0
fail20_test4,1,Network.ospfRouter_9_3.ipv4,84.1,1,0,0
fail20_test4,1,Network.ospfRouter_9_3.ipv4,84.2,1,0,0
fail20_test4,1,Network.ospfRouter_9_3.ipv4,84.3,1,0,0
fail20_test4,1,Network.ospfRouter_9_3.ipv4,84.4,1,0,0
fail20_test4,1,Network.ospfRouter_9_3.ipv4,84.5,1,0,0
fail20_test4,1,Network.ospfRouter_9_3.ipv4,84.6,1,0,0
fail20_test4,1,Network.ospfRouter_9_3.ipv4,84.7,1,0,0
fail20_test4,1,Network.ospfRouter_9_3.ipv4,84.8,1,0,0
fail20_test4,1,Network.ospfRouter_9_3.ipv4,84.9,1,0,0
fail20_test4,1,Network.ospfRouter_9_3.ipv4,85,1,0,0
fail20_test4,1,Network.ospfRouter_9_3.ipv4,85.1,1,0,0
fail20_test4,1,Network.ospfRouter_9_3.ipv4,85.2,1,0,0
fail20_test4,1,Network.ospfRouter_9_3.ipv4,85.3,1,0,0
fail20_test4,1,Network.ospfRouter_9_3.ipv4,85.4,1,0,0
fail20_test4,1,Network.ospfRouter_9_3.ipv4,85.5,1,0,0
fail20_test4,1,Network.ospfRouter_9_3.ipv4,85.6,1,0,0
fail20_test4,1,Network.ospfRouter_9_3.ipv4,85.7,1,0,0
fail20_test4,1,Network.ospfRouter_9_3.ipv4,85.8,1,0,0
fail20_test4,1,Network.ospfRouter_9_3.ipv4,85.9,1,0,0
fail20_test4,1,Network.ospfRouter_9_3.ipv4,86,1,0,0
fail20_test4,1,Network.ospfRouter_9_3.ipv4,86.1,1,0,0
fail20_test4,1,Network.ospfRouter_9_3.ipv4,86.2,1,0,0
fail20_test4,1,Network.ospfRouter_9_3.ipv4,86.3,1,0,0
fail20_test4,1,Network.ospfRouter_9_3.ipv4,86.4,1,0,0
fail20_test4,1,Network.ospfRouter_9_3.ipv4,86.5,1,0,0
fail20_test4,1,Network.ospfRouter_9_3.ipv4,86.6,1,0,0
fail20_test4,1,Network.ospfRouter_9_3.ipv4,86.7,1,0,0
fail20_test4,1,Network.ospfRouter_9_3.ipv4,86.8,1,0,0
fail20_test4,1,Network.ospfRouter_9_3.ipv4,86.9,1,0,0
fail20_test4,1,Network.ospfRouter_9_3.ipv4,87,1,0,0
fail20_test4,1,Network.ospfRouter_9_3.ipv4,87.1,1,0,0
fail20_test4,1,Network.ospfRouter_9_3.ipv4,87.2,1,0,0
fail20_test4,1,Network.ospfRouter_9_3.ipv4,87.3,1,0,0
fail20_test4,1,Network.ospfRouter_9_3.ipv4,87.4,1,0,0
fail20_test4,1,Network.ospfRouter_6_2.ipv4,104.26414552,1,0,0
fail20_test4,1,Network.ospfRouter_9_2.ipv4,104.32383188,1,0,0
fail20_test4,1,Network.ospfRouter_9_3.ipv4,104.4,1,0,0
fail20_test4,1,Network.ospfRouter_9_3.ipv4,104.5,1,0,0
fail20_test4,1,Network.ospfRouter_9_3.ipv4,104.6,1,0,0
fail20_test4,1,Network.ospfRouter_9_3.ipv4,104.7,1,0,0
fail20_test4,1,Network.ospfRouter_9_3.ipv4,104.8,1,0,0
fail20_test4,1,Network.ospfRouter_9_3.ipv4,104.9,1,0,0
fail20_test4,1,Network.ospfRouter_9_3.ipv4,105,1,0,0
fail20_test4,1,Network.ospfRouter_9_3.ipv4,105.1,1,0,0
fail20_test4,1,Network.ospfRouter_9_3.ipv4,105.2,1,0,0
fail20_test4,1,Network.ospfRouter_9_3.ipv4,105.3,1,0,0
fail20_test4,1,Network.ospfRouter_9_3.ipv4,105.4,1,0,0
fail20_test4,1,Network.ospfRouter_9_3.ipv4,105.5,1,0,0
fail20_test4,1,Network.ospfRouter_9_3.ipv4,105.6,1,0,0
fail20_test4,1,Network.ospfRouter_9_3.ipv4,105.7,1,0,0
fail20_test4,1,Network.ospfRouter_9_3.ipv4,105.8,1,0,0
fail20_test4,1,Network.ospfRouter_9_3.ipv4,105.9,1,0,0
fail20_test4,1,Network.ospfRouter_9_3.ipv4,106,1,0,0
fail20_test4,1,Network.ospfRouter_9_3.ipv4,106.1,1,0,0
fail20_test4,1,Network.ospfRouter_9_3.ipv4,106.2,1,0,0
fail20_test4,1,Network.ospfRouter_9_3.ipv4,106.3,1,0,0
fail20_test4,1,Network.ospfRouter_9_3.ipv4,106.4,1,0,0
fail20_test4,1,Network.ospfRouter_9_3.ipv4,106.5,1,0,0
fail20_test4,1,Network.ospfRouter_9_3.ipv4,106.6,1,0,0
fail20_test4,1,Network.ospfRouter_9_3.ipv4,106.7,1,0,0
fail20_test4,1,Network.ospfRouter_9_3.ipv4,106.8,1,0,0
fail20_test4,1,Network.ospfRouter_9_3.ipv4,106.9,1,0,0
fail20_test4,1,Network.ospfRouter_9_3.ipv4,107,1,0,0
fail20_test4,1,Network.ospfRouter_9_3.ipv4,107.1,1,0,0
fail20_test4,1,Network.ospfRouter_9_3.ipv4,107.2,1,0,0
fail20_test4,1,Network.ospfRouter_9_3.ipv4,107.3,1,0,0
fail20_test4,1,Network.ospfRouter_9_3.ipv4,107.4,1,0,0
fail20_test4,1,Network.ospfRouter_9_3.ipv4,107.5,1,0,0
fail20_test4,1,Network.ospfRouter_9_3.ipv4,107.6,1,0,0
fail20_test4,1,Network.ospfRouter_9_3.ipv4,107.7,1,0,0
fail20_test4,1,Network.ospfRouter_9_3.ipv4,107.8,1,0,0
fail20_test4,1,Network.ospfRouter_9_3.ipv4,107.9,1,0,0
fail20_test4,1,Network.ospfRouter_9_3.ipv4,108,1,0,0
fail20_test4,1,Network.ospfRouter_9_3.ipv4,108.1,1,0,0
fail20_test4,1,Network.ospfRouter_9_3.ipv4,108.2,1,0,0
fail20_test4,1,Network.ospfRouter_9_3.ipv4,108.3,1,0,0
fail20_test4,1,Network.ospfRouter_9_3.ipv4,108.4,1,0,0
fail20_test4,1,Network.ospfRouter_9_3.ipv4,108.5,1,0,0
fail20_test4,1,Network.ospfRouter_9_3.ipv4,108.6,1,0,0
fail20_test4,1,Network.ospfRouter_9_3.ipv4,108.7,1,0,0
fail20_test4,1,Network.ospfRouter_9_3.ipv4,108.8,1,0,0
fail20_test4,1,Network.ospfRouter_9_3.ipv4,108.9,1,0,0
fail20_test4,1,Network.ospfRouter_9_3.ipv4,109,1,0,0
fail20_test4,1,Network.ospfRouter_9_3.ipv4,109.1,1,0,0
fail20_test4,1,Network.ospfRouter_9_3.ipv4,109.2,1,0,0
fail20_test4,1,Network.ospfRouter_9_3.ipv4,109.3,1,0,0
fail20_test4,1,Network.ospfRouter_6_3.ipv4,113.44031364,1,0,0
fail20_test4,1,Network.ospfRouter_9_3.ipv4,113.5,1,0,0
fail20_test4,1,Network.ospfRouter_9_3.ipv4,113.6,1,0,0
fail20_test4,1,Network.ospfRouter_9_3.ipv4,113.7,1,0,0
fail20_test4,1,Network.ospfRouter_9_3.ipv4,113.8,1,0,0
fail20_test4,1,Network.ospfRouter_9_3.ipv4,113.9,1,0,0
fail20_test4,1,Network.ospfRouter_9_3.ipv4,114,1,0,0
fail20_test4,1,Network.ospfRouter_9_3.ipv4,114.1,1,0,0
fail20_test4,1,Network.ospfRouter_9_3.ipv4,114.2,1,0,0
fail20_test4,1,Network.ospfRouter_9_3.ipv4,114.3,1,0,0
fail20_test4,1,Network.ospfRouter_9_3.ipv4,114.4,1,0,0
fail20_test4,1,Network.ospfRouter_9_3.ipv4,114.5,1,0,0
fail20_test4,1,Network.ospfRouter_9_3.ipv4,114.6,1,0,0
fail20_test4,1,Network.ospfRouter_9_3.ipv4,114.7,1,0,0
fail20_test4,1,Network.ospfRouter_9_3.ipv4,114.8,1,0,0
fail20_test4,1,Network.ospfRouter_9_3.ipv4,114.9,1,0,0
fail20_test4,1,Network.ospfRouter_9_3.ipv4,115,1,0,0
fail20_test4,1,Network.ospfRouter_9_3.ipv4,115.1,1,0,0
fail20_test4,1,Network.ospfRouter_9_3.ipv4,115.2,1,0,0
fail20_test4,1,Network.ospfRouter_9_3.ipv4,115.3,1,0,0
fail20_test4,1,Network.ospfRouter_9_3.ipv4,115.4,1,0,0
fail20_test4,1,Network.ospfRouter_9_3.ipv4,115.5,1,0,0
fail20_test4,1,Network.ospfRouter_9_3.ipv4,115.6,1,0,0
fail20_test4,1,Network.ospfRouter_9_3.ipv4,115.7,1,0,0
fail20_test4,1,Network.ospfRouter_9_3.ipv4,115.8,1,0,0
fail20_test4,1,Network.ospfRouter_9_3.ipv4,115.9,1,0,0
fail20_test4,1,Network.ospfRouter_9_3.ipv4,116,1,0,0
fail20_test4,1,Network.ospfRouter_9_3.ipv4,116.1,1,0,0
fail20_test4,1,Network.ospfRouter_9_3.ipv4,116.2,1,0,0
fail20_test4,1,Network.ospfRouter_9_3.ipv4,116.3,1,0,0
fail20_test4,1,Network.ospfRouter_9_3.ipv4,116.4,1,0,0
fail20_test4,1,Network.ospfRouter_9_3.ipv4,116.5,1,0,0
fail20_test4,1,Network.ospfRouter_9_3.ipv4,116.6,1,0,0
fail20_test4,1,Network.ospfRouter_9_3.ipv4,116.7,1,0,0
fail20_test4,1,Network.ospfRouter_9_3.ipv4,116.8,1,0,0
fail20_test4,1,Network.ospfRouter_9_3.ipv4,116.9,1,0,0
fail20_test4,1,Network.ospfRouter_9_3.ipv4,117,1,0,0
fail20_test4,1,Network.ospfRouter_9_3.ipv4,117.1,1,0,0
fail20_test4,1,Network.ospfRouter_9_3.ipv4,117.2,1,0,0
fail20_test4,1,Network.ospfRouter_9_3.ipv4,117.3,1,0,0
fail20_test4,1,Network.ospfRouter_9_3.ipv4,117.4,1,0,0
fail20_test4,1,Network.ospfRouter_9_3.ipv4,117.5,1,0,0
fail20_test4,1,Network.ospfRouter_9_3.ipv4,117.6,1,0,0
fail20_test4,1,Network.ospfRouter_9_3.ipv4,117.7,1,0,0
fail20_test4,1,Network.ospfRouter_9_3.ipv4,117.8,1,0,0
fail20_test4,1,Network.ospfRouter_9_3.ipv4,117.9,1,0,0
fail20_test4,1,Network.ospfRouter_9_3.ipv4,118,1,0,0
fail20_test4,1,Network.ospfRouter_9_3.ipv4,118.1,1,0,0
fail20_test4,1,Network.ospfRouter_9_3.ipv4,118.2,1,0,0
fail20_test4,1,Network.ospfRouter_9_3.ipv4,118.3,1,0,0
fail20_test4,1,Network.ospfRouter_9_3.ipv4,118.4,1,0,0
fail20_test5,1,Network.ospfRouter_7_3.ipv4,28.62687576,1,0,0
fail20_test5,1,Network.ospfRouter_9_3.ipv4,28.7,1,0,0
fail20_test5,1,Network.ospfRouter_9_3.ipv4,28.8,1,0,0
fail20_test5,1,Network.ospfRouter_9_3.ipv4,28.9,1,0,0
fail20_test5,1,Network.ospfRouter_9_3.ipv4,29,1,0,0
fail20_test5,1,Network.ospfRouter_9_3.ipv4,29.1,1,0,0
fail20_test5,1,Network.ospfRouter_9_3.ipv4,29.2,1,0,0
fail20_test5,1,Network.ospfRouter_9_3.ipv4,29.3,1,0,0
fail20_test5,1,Network.ospfRouter_9_3.ipv4,29.4,1,0,0
fail20_test5,1,Network.ospfRouter_9_3.ipv4,29.5,1,0,0
fail20_test5,1,Network.ospfRouter_9_3.ipv4,29.6,1,0,0
fail20_test5,1,Network.ospfRouter_9_3.ipv4,29.7,1,0,0
fail20_test5,1,Network.ospfRouter_9_3.ipv4,29.8,1,0,0
fail20_test5,1,Network.ospfRouter_9_3.ipv4,29.9,1,0,0
fail20_test5,1,Network.ospfRouter_9_3.ipv4,30,1,0,0
fail20_test5,1,Network.ospfRouter_9_3.ipv4,30.1,1,0,0
fail20_test5,1,Network.ospfRouter_9_3.ipv4,30.2,1,0,0
fail20_test5,1,Network.ospfRouter_9_3.ipv4,30.3,1,0,0
fail20_test5,1,Network.ospfRouter_9_3.ipv4,30.4,1,0,0
fail20_test5,1,Network.ospfRouter_9_3.ipv4,30.5,1,0,0
fail20_test5,1,Network.ospfRouter_9_3.ipv4,30.6,1,0,0
fail20_test5,1,Network.ospfRouter_9_3.ipv4,30.7,1,0,0
fail20_test5,1,Network.ospfRouter_9_3.ipv4,30.8,1,0,0
fail20_test5,1,Network.ospfRouter_9_3.ipv4,30.9,1,0,0
fail20_test5,1,Network.ospfRouter_9_3.ipv4,31,1,0,0
fail20_test5,1,Network.ospfRouter_9_3.ipv4,31.1,1,0,0
fail20_test5,1,Network.ospfRouter_9_3.ipv4,31.2,1,0,0
fail20_test5,1,Network.ospfRouter_9_3.ipv4,31.3,1,0,0
fail20_test5,1,Network.ospfRouter_9_3.ipv4,31.4,1,0,0
fail20_test5,1,Network.ospfRouter_9_3.ipv4,31.5,1,0,0
fail20_test5,1,Network.ospfRouter_9_3.ipv4,31.6,1,0,0
fail20_test5,1,Network.ospfRouter_9_3.ipv4,31.7,1,0,0
fail20_test5,1,Network.ospfRouter_9_3.ipv4,31.8,1,0,0
fail20_test5,1,Network.ospfRouter_9_3.ipv4,31.9,1,0,0
fail20_test5,1,Network.ospfRouter_9_3.ipv4,32,1,0,0
fail20_test5,1,Network.ospfRouter_9_3.ipv4,32.1,1,0,0
fail20_test5,1,Network.ospfRouter_9_3.ipv4,32.2,1,0,0
fail20_test5,1,Network.ospfRouter_9_3.ipv4,32.3,1,0,0
fail20_test5,1,Network.ospfRouter_9_3.ipv4,32.4,1,0,0
fail20_test5,1,Network.ospfRouter_9_3.ipv4,32.5,1,0,0
fail20_test5,1,Network.ospfRouter_9_3.ipv4,32.6,1,0,0
fail20_test5,1,Network.ospfRouter_9_3.ipv4,32.7,1,0,0
fail20_test5,1,Network.ospfRouter_9_3.ipv4,32.8,1,0,0
fail20_test5,1,Network.ospfRouter_9_3.ipv4,32.9,1,0,0
fail20_test5,1,Network.ospfRouter_9_3.ipv4,33,1,0,0
fail20_test5,1,Network.ospfRouter_9_3.ipv4,33.1,1,0,0
fail20_test5,1,Network.ospfRouter_9_3.ipv4,33.2,1,0,0
fail20_test5,1,Network.ospfRouter_9_3.ipv4,33.3,1,0,0
fail20_test5,1,Network.ospfRouter_9_3.ipv4,33.4,1,0,0
fail20_test5,1,Network.ospfRouter_9_3.ipv4,33.5,1,0,0
fail20_test5,1,Network.ospfRouter_9_3.ipv4,33.6,1,0,0
fail20_test5,1,Network.ospfRouter_5_6.ipv4,50.37408616,1,0,0
fail20_test5,1,Network.ospfRouter_8_3.ipv4,50.41343788,1,0,0
fail20_test5,1,Network.ospfRouter_9_3.ipv4,50.5,1,0,0
fail20_test5,1,Network.ospfRouter_9_3.ipv4,50.6,1,0,0
fail20_test5,1,Network.ospfRouter_9_3.ipv4,50.7,1,0,0
fail20_test5,1,Network.ospfRouter_9_3.ipv4,50.8,1,0,0
fail20_test5,1,Network.ospfRouter_9_3.ipv4,50.9,1,0,0
fail20_test5,1,Network.ospfRouter_9_3.ipv4,51,1,0,0
fail20_test5,1,Network.ospfRouter_9_3.ipv4,51.1,1,0,0
fail20_test5,1,Network.ospfRouter_9_3.ipv4,51.2,1,0,0
fail20_test5,1,Network.ospfRouter_9_3.ipv4,51.3,1,0,0
fail20_test5,1,Network.ospfRouter_9_3.ipv4,51.4,1,0,0
fail20_test5,1,Network.ospfRouter_9_3.ipv4,51.5,1,0,0
fail20_test5,1,Network.ospfRouter_9_3.ipv4,51.6,1,0,0
fail20_test5,1,Network.ospfRouter_9_3.ipv4,51.7,1,0,0
fail20_test5,1,Network.ospfRouter_9_3.ipv4,51.8,1,0,0
fail20_test5,1,Network.ospfRouter_9_3.ipv4,51.9,1,0,0
fail20_test5,1,Network.ospfRouter_9_3.ipv4,52,1,0,0
fail20_test5,1,Network.ospfRouter_9_3.ipv4,52.1,1,0,0
fail20_test5,1,Network.ospfRouter_9_3.ipv4,52.2,1,0,0
fail20_test5,1,Network.ospfRouter_9_3.ipv4,52.3,1,0,0
fail20_test5,1,Network.ospfRouter_9_3.ipv4,52.4,1,0,0
fail20_test5,1,Network.ospfRouter_9_3.ipv4,52.5,1,0,0
fail20_test5,1,Network.ospfRouter_9_3.ipv4,52.6,1,0,0
fail20_test5,1,Network.ospfRouter_9_3.ipv4,52.7,1,0,0
fail20_test5,1,Network.ospfRouter_9_3.ipv4,52.8,1,0,0
fail20_test5,1,Network.ospfRouter_9_3.ipv4,52.9,1,0,0
fail20_test5,1,Network.ospfRouter_9_3.ipv4,53,1,0,0
fail20_test5,1,Network.ospfRouter_9_3.ipv4,53.1,1,0,0
fail20_test5,1,Network.ospfRouter_9_3.ipv4,53.2,1,0,0
fail20_test5,1,Network.ospfRouter_9_3.ipv4,53.3,1,0,0
fail20_test5,1,Network.ospfRouter_9_3.ipv4,53.4,1,0,0
fail20_test5,1,Network.ospfRouter_9_3.ipv4,53.5,1,0,0
fail20_test5,1,Network.ospfRouter_9_3.ipv4,53.6,1,0,0
fail20_test5,1,Network.ospfRouter_9_3.ipv4,53.7,1,0,0
fail20_test5,1,Network.ospfRouter_9_3.ipv4,53.8,1,0,0
fail20_test5,1,Network.ospfRouter_9_3.ipv4,53.9,1,0,0
fail20_test5,1,Network.ospfRouter_9_3.ipv4,54,1,0,0
fail20_test5,1,Network.ospfRouter_9_3.ipv4,54.1,1,0,0
fail20_test5,1,Network.ospfRouter_9_3.ipv4,54.2,1,0,0
fail20_test5,1,Network.ospfRouter_9_3.ipv4,54.3,1,0,0
fail20_test5,1,Network.ospfRouter_9_3.ipv4,54.4,1,0,0
fail20_test5,1,Network.ospfRouter_9_3.ipv4,54.5,1,0,0
fail20_test5,1,Network.ospfRouter_9_3.ipv4,54.6,1,0,0
fail20_test5,1,Network.ospfRouter_9_3.ipv4,54.7,1,0,0
fail20_test5,1,Network.ospfRouter_9_3.ipv4,54.8,1,0,0
fail20_test5,1,Network.ospfRouter_9_3.ipv4,54.9,1,0,0
fail20_test5,1,Network.ospfRouter_9_3.ipv4,55,1,0,0
fail20_test5,1,Network.ospfRouter_9_3.ipv4,55.1,1,0,0
fail20_test5,1,Network.ospfRouter_9_3.ipv4,55.2,1,0,0
fail20_test5,1,Network.ospfRouter_9_3.ipv4,55.3,1,0,0
fail20_test5,1,Network.ospfRouter_9_3.ipv4,55.4,1,0,0
fail20_test5,1,Network.ospfRouter_8_4.ipv4,66.83389576,1,0,0
fail20_test5,1,Network.ospfRouter_9_3.ipv4,66.9,1,0,0
fail20_test5,1,Network.ospfRouter_9_3.ipv4,67,1,0,0
fail20_test5,1,Network.ospfRouter_9_3.ipv4,67.1,1,0,0
fail20_test5,1,Network.ospfRouter_9_3.ipv4,67.2,1,0,0
fail20_test5,1,Network.ospfRouter_9_3.ipv4,67.3,1,0,0
fail20_test5,1,Network.ospfRouter_9_3.ipv4,67.4,1,0,0
fail20_test5,1,Network.ospfRouter_9_3.ipv4,67.5,1,0,0
fail20_test5,1,Network.ospfRouter_9_3.ipv4,67.6,1,0,0
fail20_test5,1,Network.ospfRouter_9_3.ipv4,67.7,1,0,0
fail20_test5,1,Network.ospfRouter_9_3.ipv4,67.8,1,0,0
fail20_test5,1,Network.ospfRouter_9_3.ipv4,67.9,1,0,0
fail20_test5,1,Network.ospfRouter_9_3.ipv4,68,1,0,0
fail20_test5,1,Network.ospfRouter_9_3.ipv4,68.1,1,0,0
fail20_test5,1,Network.ospfRouter_9_3.ipv4,68.2,1,0,0
fail20_test5,1,Network.ospfRouter_9_3.ipv4,68.3,1,0,0
fail20_test5,1,Network.ospfRouter_9_3.ipv4,68.4,1,0,0
fail20_test5,1,Network.ospfRouter_9_3.ipv4,68.5,1,0,0
fail20_test5,1,Network.ospfRouter_9_3.ipv4,68.6,1,0,0
fail20_test5,1,Network.ospfRouter_9_3.ipv4,68.7,1,0,0
fail20_test5,1,Network.ospfRouter_9_3.ipv4,68.8,1,0,0
fail20_test5,1,Network.ospfRouter_9_3.ipv4,68.9,1,0,0
fail20_test5,1,Network.ospfRouter_9_3.ipv4,69,1,0,0
fail20_test5,1,Network.ospfRouter_9_3.ipv4,69.1,1,0,0
fail20_test5,1,Network.ospfRouter_9_3.ipv4,69.2,1,0,0
fail20_test5,1,Network.ospfRouter_9_3.ipv4,69.3,1,0,0
fail20_test5,1,Network.ospfRouter_9_3.ipv4,69.4,1,0,0
fail20_test5,1,Network.ospfRouter_9_3.ipv4,69.5,1,0,0
fail20_test5,1,Network.ospfRouter_9_3.ipv4,69.6,1,0,0
fail20_test5,1,Network.ospfRouter_9_3.ipv4,69.7,1,0,0
fail20_test5,1,Network.ospfRouter_9_3.ipv4,69.8,1,0,0
fail20_test5,1,Network.ospfRouter_9_3.ipv4,69.9,1,0,0
fail20_test5,1,Network.ospfRouter_9_3.ipv4,70,1,0,0
fail20_test5,1,Network.ospfRouter_9_3.ipv4,70.1,1,0,0
fail20_test5,1,Network.ospfRouter_9_3.ipv4,70.2,1,0,0
fail20_test5,1,Network.ospfRouter_9_3.ipv4,70.3,1,0,0
fail20_test5,1,Network.ospfRouter_9_3.ipv4,70.4,1,0,0
fail20_test5,1,Network.ospfRouter_9_3.ipv4,70.5,1,0,0
fail20_test5,1,Network.ospfRouter_9_3.ipv4,70.6,1,0,0
fail20_test5,1,Network.ospfRouter_9_3.ipv4,70.7,1,0,0
fail20_test5,1,Network.ospfRouter_9_3.ipv4,70.8,1,0,0
fail20_test5,1,Network.ospfRouter_9_3.ipv4,70.9,1,0,0
fail20_test5,1,Network.ospfRouter_9_3.ipv4,71,1,0,0
fail20_test5,1,Network.ospfRouter_9_3.ipv4,71.1,1,0,0
fail20_test5,1,Network.ospfRouter_9_3.ipv4,71.2,1,0,0
fail20_test5,1,Network.ospfRouter_9_3.ipv4,71.3,1,0,0
fail20_test5,1,Network.ospfRouter_9_3.ipv4,71.4,1,0,0
fail20_test5,1,Network.ospfRouter_9_3.ipv4,71.5,1,0,0
fail20_test5,1,Network.ospfRouter_9_3.ipv4,71.6,1,0,0
fail20_test5,1,Network.ospfRouter_9_3.ipv4,71.7,1,0,0
fail20_test5,1,Network.ospfRouter_9_3.ipv4,71.8,1,0,0
fail20_test5,1,Network.ospfRouter_6_4.ipv4,104.44296252,1,0,0
fail20_test5,1,Network.ospfRouter_8_3.ipv4,104.51343788,1,0,0
fail20_test5,1,Network.ospfRouter_9_3.ipv4,104.6,1,0,0
fail20_test5,1,Network.ospfRouter_9_3.ipv4,104.7,1,0,0
fail20_test5,1,Network.ospfRouter_9_3.ipv4,104.8,1,0,0
fail20_test5,1,Network.ospfRouter_9_3.ipv4,104.9,1,0,0
fail20_test5,1,Network.ospfRouter_9_3.ipv4,105,1,0,0
fail20_test5,1,Network.ospfRouter_9_3.ipv4,105.1,1,0,0
fail20_test5,1,Network.ospfRouter_9_3.ipv4,105.2,1,0,0
fail20_test5,1,Network.ospfRouter_9_3.ipv4,105.3,1,0,0
fail20_test5,1,Network.ospfRouter_9_3.ipv4,105.4,1,0,0
fail20_test5,1,Network.ospfRouter_9_3.ipv4,105.5,1,0,0
fail20_test5,1,Network.ospfRouter_9_3.ipv4,105.6,1,0,0
fail20_test5,1,Network.ospfRouter_9_3.ipv4,105.7,1,0,0
fail20_test5,1,Network.ospfRouter_9_3.ipv4,105.8,1,0,0
fail20_test5,1,Network.ospfRouter_9_3.ipv4,105.9,1,0,0
fail20_test5,1,Network.ospfRouter_9_3.ipv4,106,1,0,0
fail20_test5,1,Network.ospfRouter_9_3.ipv4,106.1,1,0,0
fail20_test5,1,Network.ospfRouter_9_3.ipv4,106.2,1,0,0
fail20_test5,1,Network.ospfRouter_9_3.ipv4,106.3,1,0,0
fail20_test5,1,Network.ospfRouter_9_3.ipv4,106.4,1,0,0
fail20_test5,1,Network.ospfRouter_9_3.ipv4,106.5,1,0,0
fail20_test5,1,Network.ospfRouter_9_3.ipv4,106.6,1,0,0
fail20_test5,1,Network.ospfRouter_9_3.ipv4,106.7,1,0,0
fail20_test5,1,Network.ospfRouter_9_3.ipv4,106.8,1,0,0
fail20_test5,1,Network.ospfRouter_9_3.ipv4,106.9,1,0,0
fail20_test5,1,Network.ospfRouter_9_3.ipv4,107,1,0,0
fail20_test5,1,Network.ospfRouter_9_3.ipv4,107.1,1,0,0
fail20_test5,1,Network.ospfRouter_9_3.ipv4,107.2,1,0,0
fail20_test5,1,Network.ospfRouter_9_3.ipv4,107.3,1,0,0
fail20_test5,1,Network.ospfRouter_9_3.ipv4,107.4,1,0,0
fail20_test5,1,Network.ospfRouter_9_3.ipv4,107.5,1,0,0
fail20_test5,1,Network.ospfRouter_9_3.ipv4,107.6,1,0,0
fail20_test5,1,Network.ospfRouter_9_3.ipv4,107.7,1,0,0
fail20_test5,1,Network.ospfRouter_9_3.ipv4,107.8,1,0,0
fail20_test5,1,Network.ospfRouter_9_3.ipv4,107.9,1,0,0
fail20_test5,1,Network.ospfRouter_9_3.ipv4,108,1,0,0
fail20_test5,1,Network.ospfRouter_9_3.ipv4,108.1,1,0,0
fail20_test5,1,Network.ospfRouter_9_3.ipv4,108.2,1,0,0
fail20_test5,1,Network.ospfRouter_9_3.ipv4,108.3,1,0,0
fail20_test5,1,Network.ospfRouter_9_3.ipv4,108.4,1,0,0
fail20_test5,1,Network.ospfRouter_9_3.ipv4,108.5,1,0,0
fail20_test5,1,Network.ospfRouter_9_3.ipv4,108.6,1,0,0
fail20_test5,1,Network.ospfRouter_9_3.ipv4,108.7,1,0,0
fail20_test5,1,Network.ospfRouter_9_3.ipv4,108.8,1,0,0
fail20_test5,1,Network.ospfRouter_9_3.ipv4,108.9,1,0,0
fail20_test5,1,Network.ospfRouter_9_3.ipv4,109,1,0,0
fail20_test5,1,Network.ospfRouter_9_3.ipv4,109.1,1,0,0
fail20_test5,1,Network.ospfRouter_9_3.ipv4,109.2,1,0,0
fail20_test5,1,Network.ospfRouter_9_3.ipv4,109.3,1,0,0
fail20_test5,1,Network.ospfRouter_9_3.ipv4,109.4,1,0,0
fail20_test5,1,Network.ospfRouter_9_3.ipv4,109.5,1,0,0
fail20_test5,1,Network.ospfRouter_5_3.ipv4,118.45375152,1,0,0
fail20_test5,1,Network.ospfRouter_9_3.ipv4,118.5,1,0,0
fail20_test5,1,Network.ospfRouter_9_3.ipv4,118.6,1,0,0
fail20_test5,1,Network.ospfRouter_9_3.ipv4,118.7,1,0,0
fail20_test5,1,Network.ospfRouter_9_3.ipv4,118.8,1,0,0
fail20_test5,1,Network.ospfRouter_9_3.ipv4,118.9,1,0,0
fail20_test5,1,Network.ospfRouter_9_3.ipv4,119,1,0,0
fail20_test5,1,Network.ospfRouter_9_3.ipv4,119.1,1,0,0
fail20_test5,1,Network.ospfRouter_9_3.ipv4,119.2,1,0,0
fail20_test5,1,Network.ospfRouter_9_3.ipv4,119.3,1,0,0
fail20_test5,1,Network.ospfRouter_9_3.ipv4,119.4,1,0,0
fail20_test5,1,Network.ospfRouter_9_3.ipv4,119.5,1,0,0
fail20_test5,1,Network.ospfRouter_9_3.ipv4,119.6,1,0,0
fail20_test5,1,Network.ospfRouter_9_3.ipv4,119.7,1,0,0
fail20_test5,1,Network.ospfRouter_9_3.ipv4,119.8,1,0,0
fail20_test5,1,Network.ospfRouter_9_3.ipv4,119.9,1,0,0
